name,n_ok,best_ref,coverage_min,low_coverage,inconclusive,ssim,ssim_local,color_dE,anisotropy,z_ssim,z_ssim_local,z_color_dE,z_anisotropy,n_flags
001.jpg,3,ref_2.jpg,1.0,False,False,0.7080761838652647,0.6249305604768005,8.328887137600628,1.3992507436290524,-0.6677444733047191,-0.0,-0.23842840802300896,1.5943752386054324,1
002.jpg,3,ref_3.jpg,1.0,False,False,0.7346672542789047,0.6595563227081279,17.506352178909395,1.3211034648260347,-1.857218325746713,-0.8869338130321595,1.3421948318033357,0.0,0
003.jpg,3,ref_2.jpg,1.0,False,False,0.6440825119909479,0.5291671249496802,20.556079944682548,1.3238144271883152,2.1948254884222513,2.45296633338177,1.8674456020353396,0.055309555616214805,3
004.jpg,3,ref_1.jpg,0.8991619775265431,True,True,0.6391438860216757,0.5508356540354903,30.307174619957408,1.3217481566799638,,,,,0
005.jpg,3,ref_1.jpg,0.9600490997424558,False,False,0.6581342073716231,0.6158411684433936,14.278861083416617,1.040408389721268,1.5662639458519478,0.23282344170433675,0.7863281072877636,-5.726792848073556,1
006.jpg,3,ref_1.jpg,0.9942038212907037,False,False,0.6821218597797893,0.5987667889897397,19.98755314570293,1.313930865667609,0.49324639232220835,0.6701811631839233,1.7695289478300171,-0.14633669488942616,1
007.jpg,3,ref_1.jpg,1.0,False,False,0.7288059246335988,0.6370368018965936,10.076650113014818,1.0082869042575906,-1.5950288672111081,-0.3100995955615483,0.06258660693080996,-6.382141336657573,0
008.jpg,3,ref_1.jpg,0.9624403815580286,False,False,0.6945713692380008,0.6518817164799835,6.585680039245468,1.0081347973986703,-0.06364604359401616,-0.6903499018976336,-0.5386587700116701,-6.385244648931515,0
009.jpg,3,ref_2.jpg,0.952913576422946,False,False,0.6228292845089324,0.5211190458186313,14.28687806922422,1.4321555276305493,3.1455265311637106,2.659116698061037,0.7877088626514528,2.265704728860452,3
010.jpg,3,ref_1.jpg,1.0,False,False,0.693148541469838,0.5985985430007488,5.797008012037562,1.2979387738486226,-0.0,0.6744907594765952,-0.6744907594765952,-0.47261031055768976,0
011.jpg,3,ref_1.jpg,1.0,False,False,0.6523395420628221,0.553947899257632,17.36383802995974,1.288043733243035,1.8254713700455953,1.8182104397784868,1.3176497995073835,-0.6744907594765952,2
012.jpg,2,ref_2.jpg,1.0,False,False,0.7081847791051002,0.6309019872707284,14.537015948917265,1.4597849201384185,-0.6726021641112453,-0.15295722012407123,0.8307897944800233,2.8294047059677294,1
013.jpg,3,ref_2.jpg,0.8226960117931157,True,True,0.6122683348050899,0.5833754466587819,10.72361791822711,1.3296817629512474,,,,,0
014.jpg,3,ref_1.jpg,0.9975634201976913,False,False,0.7006704263505152,0.6171221396445159,8.783975542105788,1.0046957253152764,-0.33646954588390593,0.20001155256221612,-0.1600491055578298,-6.455409233770913,0
015.jpg,3,ref_2.jpg,0.9711844197138315,False,False,0.6903949179827835,0.6391310261829151,6.801010687688318,1.344163740209201,0.12317530232409489,-0.3637428430141958,-0.5015726437618111,0.4704800042880449,0
016.jpg,3,ref_2.jpg,0.7763242782424368,True,True,0.573782033209691,0.28861831846717195,3.811116489058327,1.2881427294248853,,,,,0
017.jpg,3,ref_2.jpg,1.0,False,False,0.713994896889429,0.6429700469636193,7.06702095995563,1.0194367354899418,-0.9325008096551349,-0.46207879635991184,-0.4557580297604826,-6.1546604172476975,0
018.jpg,3,ref_2.jpg,1.0,False,False,0.6697121414861221,0.5760348161005593,23.440585949294064,1.330658193514336,1.048358886737496,1.252457309414236,2.3642404365332776,0.19493734222812517,1
019.jpg,3,ref_1.jpg,0.9996774267874012,False,False,0.6444028710664146,0.5519841637032312,4.455520358249935,1.3737423710488568,2.180495161070531,1.8685112375317765,-0.905533487721568,1.0739487024300585,2
020.jpg,3,ref_3.jpg,0.9893579641022097,False,False,0.6892488266245935,0.583206749430621,6.87221192140542,1.022753331559246,0.17444235106905434,1.0687492907214668,-0.4893097449971747,-6.086994610704597,0
021.jpg,3,ref_1.jpg,0.8739123202496286,True,True,0.5794513419746282,0.5541369871085629,14.579404494377025,1.0110190391342315,,,,,0
022.jpg,3,ref_3.jpg,0.952043155687657,False,False,0.6780700836779578,0.6328449943281524,4.270074751137924,1.2965066107053005,0.6744907594765952,-0.20272706047231662,-0.9374725509602281,-0.5018295679436277,0
023.jpg,3,ref_2.jpg,1.0,False,False,0.7123562667438936,0.6022315045281471,9.126997824422126,1.2738405742148788,-0.8592014771492235,0.5814329836342114,-0.10097081010619617,-0.9642662374116364,0
024.jpg,3,ref_1.jpg,0.9769271362116336,False,False,0.6946622798036448,0.6296671215575771,6.151020750794571,1.3447255618465637,-0.0677126621641666,-0.12132631628343071,-0.6135195915609173,0.4819423932649102,0
025.jpg,3,ref_2.jpg,0.9848025972387131,False,False,0.680757758625647,0.5854474943505197,16.16904520099249,1.3146197561219433,0.5542654724005317,1.0113529387636147,1.1118721360956374,-0.13228182440224262,0
026.jpg,3,ref_1.jpg,0.9986463155117329,False,False,0.6808251972158534,0.5871554582026626,13.16993018416878,1.2732145982857215,0.5512488040811198,0.9676036955908063,0.5953383358396453,-0.9770375141176013,0
027.jpg,3,ref_2.jpg,1.0,False,False,0.6683462729659334,0.583543670316766,14.604721192995353,1.0196750237251981,1.1094570247727646,1.0601191117165292,0.84245058335432,-6.149798816591055,0
028.jpg,3,ref_3.jpg,1.0,False,False,0.7099849007630128,0.6362826541293615,13.669572168077499,1.3980800064925791,-0.7531253476459394,-0.2907822112881781,0.6813910451449198,1.5704896429724235,1
029.jpg,3,ref_3.jpg,1.0,False,False,0.5927682453011187,0.24837644025380842,5.7160795086040235,1.3733461383894452,4.490219300529866,9.64537847372451,-0.6884289736474635,1.065864690413658,2
030.jpg,3,ref_1.jpg,1.0,False,False,0.6669452408687775,0.5810274283534748,10.469068513126961,1.3477163835820294,1.1721281026976347,1.124572279970376,0.13017233350790333,0.542961691584039,0
031.jpg,3,ref_2.jpg,0.9725133217467119,False,False,0.7096577863684835,0.6458880843418409,3.558233681468498,1.3292765410190834,-0.7384928408307808,-0.5368238951434668,-1.0600720414206006,0.1667486124280666,0
032.jpg,3,ref_1.jpg,0.9813151388960588,False,False,0.7300591301505159,0.6582044012178121,8.476780621591521,1.2875686298916569,-1.6510873549260032,-0.8523045426549405,-0.21295689963123685,-0.6841839059407877,0
033.jpg,3,ref_1.jpg,0.9186498718014902,False,False,0.6873622997215556,0.6615036029747757,5.568074393625901,1.0786766740735039,0.2588306208222317,-0.9368131110069383,-0.7139197081035032,-4.9460362314687485,0
034.jpg,3,ref_2.jpg,1.0,False,False,0.6711890615314263,0.5892190299842275,13.651768992824387,1.3629353333628385,0.9822931831494354,0.9147456075446455,0.6783248267043036,0.8534615203658511,0
035.jpg,3,ref_1.jpg,1.0,False,False,0.7315087110562025,0.6637808697663606,23.185501975539093,1.3668345515155165,-1.7159301219711738,-0.9951449653429716,2.320307645156841,0.9330140904332119,1
036.jpg,3,ref_2.jpg,1.0,False,False,0.7181433463938861,0.6392747199781809,9.567387390312472,1.3762502515784985,-1.1180695790566317,-0.3674235384713156,-0.025123070094097054,1.1251149449286644,0
037.jpg,3,ref_1.jpg,0.8261461864528304,True,True,0.5992659138181854,0.41552228920133044,11.450961698041771,1.337843464944542,,,,,0
038.jpg,3,ref_1.jpg,0.9497444633730835,False,False,0.6959065616009771,0.6655987334872954,15.730457958300478,1.3468497347771973,-0.12337197335297354,-1.041709277510596,1.036334807936936,0.5252801623464789,0
039.jpg,3,ref_1.jpg,0.9328234072697446,False,False,0.6593787457524766,0.5959753911644667,9.437449482360288,1.3041145423408036,1.5105931571488966,0.7416824084220441,-0.04750211224998527,-0.34661113932470716,1
040.jpg,3,ref_1.jpg,0.8935479597244304,True,True,0.6607825968844117,0.6351522115805038,9.855698517877972,1.339500090274134,,,,,0
041.jpg,3,ref_1.jpg,0.8952529895624525,True,True,0.5469004040712437,0.21819980303276962,26.44780433495754,1.0217790948627807,,,,,0
042.jpg,3,ref_2.jpg,1.0,False,False,0.705124639985117,0.6343204771958001,7.983793168061628,1.3329743680608497,-0.5357157803954615,-0.24052133737872813,-0.29786350755453284,0.2421923637952608,0
043.jpg,3,ref_2.jpg,0.9357359277436004,False,False,0.6863398039600538,0.6600762285899433,9.713257760752082,1.312256589717632,0.3045689816185428,-0.9002511258207042,0.0,-0.18049558254519063,0
044.jpg,3,ref_1.jpg,0.9466400543766272,False,False,0.7016366227851599,0.6696655097977473,9.403445912107887,1.3321319480482057,-0.37968952076475965,-1.145879155293521,-0.05335850430771484,0.22500515485800712,0
045.jpg,3,ref_2.jpg,0.9837012946041906,False,False,0.6949900444861687,0.63221450961818,2.303512604998383,1.3464635553334585,-0.08237425771303131,-0.186577287244556,-1.276171071386044,0.5174012578959798,0
046.jpg,3,ref_1.jpg,0.9957316651690054,False,False,0.6905886872487457,0.61421105366181,16.149029087497336,1.2995530558078348,0.11450760028414125,0.2745785923707974,1.1084247860900494,-0.4396754313997988,0
047.jpg,3,ref_3.jpg,0.946302892640201,False,False,0.656272809737262,0.6221226683318536,11.253681235253314,1.2836646514811572,1.6495281311829078,0.07192374481355497,0.2653051939736366,-0.763833595668827,1
048.jpg,3,ref_1.jpg,1.0,False,False,0.695824319573016,0.6269742695832253,13.329874762910668,1.3498671518458398,-0.11969311649201497,-0.05234930854027361,0.6228853890951715,0.5868420635729527,0
049.jpg,3,ref_1.jpg,0.987531969309463,False,False,0.7076328119148403,0.6321659071696729,6.090001890562812,1.3231358766213277,-0.6479115243586117,-0.18533234266574392,-0.6240287929706652,0.04146564142345613,0
050.jpg,3,ref_1.jpg,1.0,False,False,0.7002167490874385,0.6228504311618029,11.406464578936111,1.301938155931119,-0.3161756188819882,0.053282206832737246,0.2916188767385852,-0.39101417746484757,0
