tag,n_ok,ssim,ssim_local,color_dE,anisotropy
genuine,3,0.5209763084482752,0.00011755329112247021,7.054836149418125,1.214802822751753
genuine,3,0.4972813274318901,0.00015812575864846125,5.875632541156028,1.0627523057549848
genuine,3,0.48308736911577704,9.572640359043664e-05,11.709244188476521,1.0488768795329668
genuine,3,0.46039207412147615,9.727267404631075e-05,7.82242170712249,1.250014012523842
genuine,3,0.5369296248695417,0.07514211682616362,14.075729723758545,1.0091482215383487
genuine,3,0.6402888940094441,0.5871872376689068,5.442389048818099,1.2495327180341886
genuine,3,0.5680439358666706,0.49386695545120946,3.8901027176859095,1.0216764488478105
genuine,3,0.5213205780537792,0.00011700495375991429,7.12511187804787,1.0161692153971655
genuine,3,0.522046360590487,0.03387735647537507,9.47624899992155,1.1394663593582528
genuine,3,0.45017367543700193,9.209472219146423e-05,12.79618016194169,1.0711816444121307
genuine,3,0.5963523624197596,0.519127590443221,7.551229976301582,1.0442960458304975
genuine,3,0.4865611283641363,0.06620897551126552,2.095918762036527,1.1546914174778224
genuine,3,0.5765279548107064,0.43072445034072854,7.225151619725041,1.179544359984953
genuine,3,0.423787528714964,9.139311753770077e-05,10.13704098133222,1.114456583933704
genuine,3,0.5375826990737509,0.00011613435592315898,11.156643271459146,1.141306539967454
genuine,3,0.5376516722905937,0.3017695442792758,25.02007008885063,1.1932884330171993
genuine,3,0.5536071203462809,0.09025189956460274,18.52093060510582,1.1916631745766408
genuine,3,0.43763118576990123,9.038887087809188e-05,12.070683547749608,1.0271955839701643
genuine,3,0.5641043241917189,0.0008678918159881169,3.8356285998182886,1.1507114751939107
genuine,3,0.5184959321988397,0.2944447486014092,5.253263017181492,1.1053872966187026
genuine,3,0.44619929987849266,9.284059759362241e-05,8.469916609840308,1.0509054765982466
genuine,3,0.4302574445309997,9.853638785937719e-05,10.479905606468966,1.241072499527831
genuine,3,0.5218677007123608,0.00011927661371482388,2.958173442562634,1.2722936240469014
genuine,3,0.37182678249971407,9.084935100061991e-05,22.38532527275526,1.2309903904930075
genuine,3,0.5735066366928746,0.5380351851103696,14.876430511678551,1.0118766962645998
genuine,3,0.47809078691893986,9.347012439196197e-05,14.179571760101144,1.0509453734257432
genuine,3,0.6149257687544819,0.5796332570924568,4.5969040796285565,1.0311880270978175
genuine,3,0.5016785112676969,0.0001200411499979621,10.048356645196895,1.3082920878258462
genuine,3,0.6150669504845724,0.5947747734613082,9.02147706803004,1.09083275826502
genuine,3,0.6347897031820422,0.6211476069058633,2.3944478080082594,1.2977760338815159
genuine,3,0.4667376886562038,0.11892025609086297,1.6235504937675345,1.191335530794704
genuine,3,0.4478992663628472,9.208973326537011e-05,9.457492493997613,1.0858543310075484
genuine,3,0.5031671600793265,0.00011028192447540465,9.759238728685963,1.1726208549352704
genuine,3,0.5059294468025333,9.69847728165398e-05,2.507854941071869,1.2637176028046244
genuine,3,0.4980614753791767,0.00010248069885945876,13.740027421730474,1.2350808064238272
genuine,3,0.468564978353865,9.512567478970246e-05,10.48236414144899,1.0433206164690918
genuine,3,0.5712709340769625,0.2700781517953689,6.518655857474312,1.2204255655512495
genuine,3,0.6030565372266266,0.49308035696881325,4.109395396028801,1.045199749932088
genuine,3,0.5414170344878655,0.22219522255146507,2.2858536414390875,1.0351643412816012
genuine,3,0.5631730571759759,0.015003925548890355,9.967034505129527,1.2911603800891405
stretch,3,0.5961205188745167,0.5485084234266988,13.291095574188303,1.1587121371505529
stretch,3,0.49635888868717737,0.00011127889293042432,10.53136643688026,1.0711766214240452
stretch,3,0.5216832875728409,0.023885922302269304,15.061058473349386,1.0985625244860773
stretch,3,0.4415030668327354,9.218572402009338e-05,23.068489281584448,1.1700185543581527
stretch,3,0.6759620781084038,0.6498248771347672,4.376817254597345,1.4026370242763981
stretch,3,0.4610422209738384,0.00011165085285534871,11.083553976417324,1.0987879752443648
stretch,3,0.47348967155626703,9.725997882969983e-05,4.535703063853119,1.2312998213435182
stretch,3,0.6177710226375294,0.5752860746989131,10.528241991307056,1.126477393979705
stretch,3,0.5175335231263444,0.00011861920320287487,7.68780274752754,1.239866400321452
stretch,3,0.5432146095009194,0.0005277065120660051,10.768169024346834,1.2299697526489526
stretch,3,0.570084922400547,0.31570301493755776,9.21169312051435,1.176059220800738
stretch,3,0.41515024526094707,9.502356368874713e-05,13.333487775279924,1.1068170071073926
stretch,3,0.5337734297133696,0.00011719693936645879,2.882383754355227,1.0854775919406472
stretch,3,0.5011307862887575,0.00011563736776592777,3.92602597254987,1.05066594339262
stretch,3,0.42091834671396305,9.287297029271423e-05,3.3414690521571906,1.0617592356156602
stretch,3,0.5374298092236515,0.00012433710934343223,7.835191950302059,1.0397025792181527
stretch,3,0.44849585907953726,0.00011257887003460548,7.176556911185596,1.0725298461663864
stretch,3,0.5914421208414328,0.31939357490876946,9.766536171116401,1.1256236630343468
stretch,3,0.4378304707511085,9.138338209080359e-05,7.942104947454329,1.3305881891013667
stretch,3,0.5730948622576998,0.06489306871909319,8.698243129563519,1.1152239782789233
recolor,3,0.5036484067063428,0.00011700831826638046,18.508741939688655,1.1685473406699765
recolor,3,0.4955561689144556,0.00011140245801676456,22.72060152424534,1.0520546459605986
recolor,3,0.4548550029257915,0.0008435842051458658,9.91049305742986,1.1622811006544287
recolor,3,0.5953572703477332,0.17819378988532414,11.598802406934528,1.0389904623707744
recolor,3,0.5625045021473682,0.2763403258382799,9.244380802802944,1.1083697310339742
recolor,3,0.4877783643220929,0.00029941901825339623,20.0343270143527,1.0872897036212936
recolor,3,0.5018364036026963,0.00012205320728950993,11.83238880772819,1.0136967696815273
recolor,3,0.5030882870150382,0.00012036917526806484,6.675957675424104,1.079133642189445
recolor,3,0.5367250004832265,0.00014996135147147806,10.570545432650368,1.1656436147660247
recolor,3,0.5209474759844931,0.00011285278924780144,13.862814742582556,1.0837307743477849
recolor,3,0.5733384269299262,0.0008381901532551019,13.760315998242378,1.0142449060691117
recolor,3,0.4612397800614196,9.751758539952194e-05,11.448822645777417,1.2543344817993998
recolor,3,0.4899237702471111,0.00011481063538191418,23.09984014075915,1.282967743840401
recolor,3,0.4448657074022613,9.503129926956645e-05,7.202569705105856,1.2440807784529124
recolor,3,0.48515438370266123,0.00011242515067167847,9.688218209291934,1.0433800703115494
recolor,3,0.43640562351545203,9.556016516263182e-05,19.929750070210677,1.0510169435132994
recolor,3,0.5760004544112197,0.014011056289487886,10.574570601531741,1.0147730715353054
recolor,3,0.532122935979951,0.00011818255629063893,6.473259240112764,1.2005766108368903
recolor,3,0.39305963784814935,9.54062897017977e-05,17.24653353161219,1.1298159010621083
recolor,3,0.5095411469152463,0.00011431622611289483,10.287657997974627,1.172426824599024
respace,3,0.5342020636983482,0.05272107864623443,7.931621522310919,1.2702165209464094
respace,3,0.537957479548892,0.0008783966502241326,2.9608983439211567,1.1040597289257508
respace,3,0.5378481331924458,0.052751969863471485,3.058224282134109,1.0421266237058369
respace,3,0.5190524405027576,0.005624260284569676,18.608402450351793,1.1584952465114744
respace,3,0.3939120879830833,9.224516058169358e-05,14.546359320984198,1.0690798169961009
respace,3,0.5367577019488649,0.0001455481869655672,2.743731018457125,1.2260592283854859
respace,3,0.491804971105981,0.00011896688248221562,8.873963396772556,1.097527480657009
respace,3,0.49488558337364086,0.0001180247627431832,3.140334459131736,1.0935998657629662
respace,3,0.4745864666209228,0.02610751519750607,2.7427981600326836,1.063065640922124
respace,3,0.5760654730296857,0.0726508502219452,11.905327123402582,1.0464919905465195
respace,3,0.5052262889505962,0.00011264754475875516,3.2099984819394467,1.3539652633101678
respace,3,0.5046262170235215,0.0007210789407381154,1.77878580343132,1.0496454170886855
respace,3,0.4578176709415035,0.00010078583930352194,8.292998761422313,1.2734413164134897
respace,3,0.5156683232779172,0.00011452045996660415,9.097164275724195,1.0052190257770746
respace,3,0.5527283209251957,0.0027188890790761488,2.494103987521741,1.1706777083216005
respace,3,0.41742321979325814,9.465663043005344e-05,19.28960611461045,1.147460183266702
respace,3,0.5207504162515391,0.2761436784906418,10.509263361036892,1.1901858151846865
respace,3,0.5870483602843154,0.25922188988238076,1.9661670647758034,1.1037183705216898
respace,3,0.4163388630399209,0.00011177942540840516,4.056965730002651,1.0645751281625884
respace,3,0.43476653616641886,0.00011470511453678298,6.917147690821234,1.0668395629479817
letterform_swap,3,0.47385077747421106,0.0008778996673771293,5.838803511041744,1.0518457326320303
letterform_swap,3,0.5253939035162557,0.01795480565455696,4.593966854867168,1.348970649252906
letterform_swap,3,0.5637690275528906,0.000866995684237136,3.803948814929086,1.0494872037688217
letterform_swap,3,0.46826855571013676,0.00011681748272630338,3.595050766900924,1.1192568784950432
letterform_swap,3,0.4844085486894146,0.00048808303213529057,2.5673142160910203,1.3054381464377844
letterform_swap,3,0.5075722742719923,0.00011449563574766203,7.5779150017562475,1.1098156264356256
letterform_swap,3,0.44211683829663717,9.706560996255335e-05,4.270541129776074,1.261463615623736
letterform_swap,3,0.49885800944751085,0.00011859663239749754,1.1383278002403272,1.1973354316735934
letterform_swap,3,0.5240480159834565,0.0008522560679823778,4.746108991417851,1.076425382804502
letterform_swap,3,0.5222177308513191,0.2743454849924226,2.4740243022479,1.2951023040405507
letterform_swap,3,0.523638480917452,0.12142226780417498,7.359795936208301,1.110600996131088
letterform_swap,3,0.47725349133731276,9.414631843848285e-05,16.865578502505205,1.1136900494892865
letterform_swap,3,0.47226699023625335,0.00011103730688014024,3.257536086251683,1.3584677550853128
letterform_swap,3,0.49429010561756953,0.00011294759880323314,11.1237146800774,1.0644931488455291
letterform_swap,3,0.48286132661959486,0.00011348007831540583,6.446432703260938,1.3091156927884953
letterform_swap,3,0.511660640932635,0.00010333460243391842,14.21757894403333,1.205301587334234
letterform_swap,3,0.44419812830643407,0.00012024679609149728,1.43076891536555,1.0359012912391345
letterform_swap,3,0.484617233377375,0.00011083036964153028,17.079482943343834,1.0493325062167789
letterform_swap,3,0.49250830669396456,0.00010289819988212946,1.494166463086293,1.0141347710989355
letterform_swap,3,0.47566838986154075,0.00011093755970999474,9.229671794630795,1.267749921344567
